,Sober,Drinks
No Drugs,42.7176869130664,86.95186435397643
Drugs,45.37199403184855,68.66327074898577
